{"stats":{"minecraft:used":{"minecraft:lever":11,"minecraft:sea_lantern":8,"minecraft:end_rod":15,"minecraft:black_concrete":30,"minecraft:quartz_pillar":273,"minecraft:light_weighted_pressure_plate":7,"minecraft:command_block":82,"minecraft:light_gray_concrete":7,"minecraft:heavy_weighted_pressure_plate":7,"minecraft:iron_block":805,"minecraft:red_concrete":15,"minecraft:carrot_on_a_stick":39,"minecraft:barrier":316,"minecraft:quartz_block":564,"minecraft:spruce_pressure_plate":2,"minecraft:sign":32,"minecraft:white_terracotta":2,"minecraft:redstone_block":96,"minecraft:smooth_quartz":66,"minecraft:dark_oak_button":11,"minecraft:player_head":10,"minecraft:white_wool":48,"minecraft:birch_button":1,"minecraft:diamond_block":33,"minecraft:repeater":6,"minecraft:redstone_lamp":119,"minecraft:lime_concrete":1,"minecraft:comparator":1,"minecraft:light_blue_concrete":16,"minecraft:emerald_block":3,"minecraft:chain_command_block":105,"minecraft:gold_block":39,"minecraft:repeating_command_block":30,"minecraft:white_concrete":467},"minecraft:picked_up":{"minecraft:dark_oak_button":2,"minecraft:sign":6,"minecraft:lever":5},"minecraft:custom":{"minecraft:time_since_rest":216098,"minecraft:damage_taken":8520,"minecraft:sprint_one_cm":68896,"minecraft:walk_one_cm":754818,"minecraft:fly_one_cm":1436170,"minecraft:play_one_minute":477014,"minecraft:crouch_one_cm":376,"minecraft:deaths":30,"minecraft:sneak_time":7041,"minecraft:jump":743,"minecraft:leave_game":17,"minecraft:time_since_death":216071,"minecraft:fall_one_cm":69692}},"DataVersion":1519}